parameter,n,h,d,b,k,w,signature_bytes,public_key_bytes,secret_key_bytes,keygen_us,sign_us,verify_us
sphincs-shake256-128s-simple,16,63,7,12,14,16,7856,32,64,139447.17,1016999.95,963.9
sphincs-shake256-128s-simple,16,63,7,12,14,16,7856,32,64,137075.71,1033097.69,970.72
sphincs-shake256-128s-simple,16,63,7,12,14,16,7856,32,64,135267.21,1013016.79,964.74
sphincs-shake256-128s-simple,16,63,7,12,14,16,7856,32,64,137011.09,1031410.17,983.02
sphincs-shake256-128s-simple,16,63,7,12,14,16,7856,32,64,134381.14,1014072.81,988.57
sphincs-shake256-128s-simple,16,63,7,12,14,16,7856,32,64,134921.79,1015316.66,971.47
sphincs-shake256-128s-simple,16,63,7,12,14,16,7856,32,64,133709.28,1015392.1,966.08
sphincs-shake256-128s-simple,16,63,7,12,14,16,7856,32,64,134309.73,1014785.11,961.83
sphincs-shake256-128s-simple,16,63,7,12,14,16,7856,32,64,134276.23,1014842.32,962.39
sphincs-shake256-128s-simple,16,63,7,12,14,16,7856,32,64,134143.34,1014921.43,970.88
sphincs-shake256-128s-simple,16,63,7,12,14,16,7856,32,64,134441.1,1017238.57,967.22
sphincs-shake256-128s-simple,16,63,7,12,14,16,7856,32,64,134535.3,1013875.37,980.8
sphincs-shake256-128s-simple,16,63,7,12,14,16,7856,32,64,134347.09,1014612.65,978.12
sphincs-shake256-128s-simple,16,63,7,12,14,16,7856,32,64,133792.94,1015330.47,1005.39
sphincs-shake256-128s-simple,16,63,7,12,14,16,7856,32,64,134050.1,1015164.28,970.06
sphincs-shake256-128s-simple,16,63,7,12,14,16,7856,32,64,134726.39,1017320.26,980.55
sphincs-shake256-128s-simple,16,63,7,12,14,16,7856,32,64,134292.45,1014146.98,965.1
sphincs-shake256-128s-simple,16,63,7,12,14,16,7856,32,64,134674.23,1013664.86,963.72
sphincs-shake256-128s-simple,16,63,7,12,14,16,7856,32,64,135384.55,1016125.06,969.11
sphincs-shake256-128s-simple,16,63,7,12,14,16,7856,32,64,134009.53,1014563.7,956.76
sphincs-shake256-128s-simple,16,63,7,12,14,16,7856,32,64,133989.67,1013567.48,969.55
sphincs-shake256-128s-simple,16,63,7,12,14,16,7856,32,64,134312.96,1016080.7,977.97
sphincs-shake256-128s-simple,16,63,7,12,14,16,7856,32,64,134087.68,1012163.43,985.42
sphincs-shake256-128s-simple,16,63,7,12,14,16,7856,32,64,134232.73,1014027.67,1005.67
sphincs-shake256-128s-simple,16,63,7,12,14,16,7856,32,64,133935.17,1013717.52,977.93
sphincs-shake256-128s-simple,16,63,7,12,14,16,7856,32,64,134595.43,1012971.14,965.44
sphincs-shake256-128s-simple,16,63,7,12,14,16,7856,32,64,134095.93,1014649.1,969.97
sphincs-shake256-128s-simple,16,63,7,12,14,16,7856,32,64,134643.07,1014517.49,968.74
sphincs-shake256-128s-simple,16,63,7,12,14,16,7856,32,64,134352.72,1013081.33,967.3
sphincs-shake256-128s-simple,16,63,7,12,14,16,7856,32,64,134004.54,1025528.75,962.44
sphincs-shake256-128f-simple,16,66,22,6,33,16,17088,32,64,2278.54,52135.61,2845.31
sphincs-shake256-128f-simple,16,66,22,6,33,16,17088,32,64,2286.16,51902.85,2924.11
sphincs-shake256-128f-simple,16,66,22,6,33,16,17088,32,64,2260.21,53055.84,2880.58
sphincs-shake256-128f-simple,16,66,22,6,33,16,17088,32,64,2270.59,52926.73,3042.83
sphincs-shake256-128f-simple,16,66,22,6,33,16,17088,32,64,2265.94,52193.3,2960.92
sphincs-shake256-128f-simple,16,66,22,6,33,16,17088,32,64,2264.9,52501.97,2942.72
sphincs-shake256-128f-simple,16,66,22,6,33,16,17088,32,64,2267.66,52098.79,2864.95
sphincs-shake256-128f-simple,16,66,22,6,33,16,17088,32,64,2269.02,51895.6,2924.93
sphincs-shake256-128f-simple,16,66,22,6,33,16,17088,32,64,2262.06,51922.04,2868.59
sphincs-shake256-128f-simple,16,66,22,6,33,16,17088,32,64,2274.79,52058.23,2853.05
sphincs-shake256-128f-simple,16,66,22,6,33,16,17088,32,64,2267.91,51797.53,2936.8
sphincs-shake256-128f-simple,16,66,22,6,33,16,17088,32,64,2273.52,52189.27,2850.14
sphincs-shake256-128f-simple,16,66,22,6,33,16,17088,32,64,2260.14,51856.31,2858.48
sphincs-shake256-128f-simple,16,66,22,6,33,16,17088,32,64,2267.0,52056.8,2842.29
sphincs-shake256-128f-simple,16,66,22,6,33,16,17088,32,64,2290.55,52213.36,2866.46
sphincs-shake256-128f-simple,16,66,22,6,33,16,17088,32,64,2256.38,52721.18,2859.49
sphincs-shake256-128f-simple,16,66,22,6,33,16,17088,32,64,2264.3,52004.28,3038.76
sphincs-shake256-128f-simple,16,66,22,6,33,16,17088,32,64,2267.18,52167.55,2841.19
sphincs-shake256-128f-simple,16,66,22,6,33,16,17088,32,64,2263.46,51904.2,2852.0
sphincs-shake256-128f-simple,16,66,22,6,33,16,17088,32,64,2266.77,52393.96,2860.41
sphincs-shake256-128f-simple,16,66,22,6,33,16,17088,32,64,2534.26,52889.9,2855.39
sphincs-shake256-128f-simple,16,66,22,6,33,16,17088,32,64,2284.58,51639.08,2855.15
sphincs-shake256-128f-simple,16,66,22,6,33,16,17088,32,64,2271.23,52803.48,3070.58
sphincs-shake256-128f-simple,16,66,22,6,33,16,17088,32,64,2287.35,51642.66,2852.36
sphincs-shake256-128f-simple,16,66,22,6,33,16,17088,32,64,2333.7,52634.87,2846.51
sphincs-shake256-128f-simple,16,66,22,6,33,16,17088,32,64,2268.92,51880.94,2881.94
sphincs-shake256-128f-simple,16,66,22,6,33,16,17088,32,64,2267.0,51900.18,2961.24
sphincs-shake256-128f-simple,16,66,22,6,33,16,17088,32,64,2276.6,51693.55,2844.31
sphincs-shake256-128f-simple,16,66,22,6,33,16,17088,32,64,2271.32,52220.7,2850.36
sphincs-shake256-128f-simple,16,66,22,6,33,16,17088,32,64,2502.01,51668.26,2850.75
sphincs-shake256-192s-simple,24,63,7,14,17,16,16224,48,96,193512.99,1747791.94,1391.54
sphincs-shake256-192s-simple,24,63,7,14,17,16,16224,48,96,193525.93,1729649.97,1393.24
sphincs-shake256-192s-simple,24,63,7,14,17,16,16224,48,96,192503.98,1729748.09,1385.16
sphincs-shake256-192s-simple,24,63,7,14,17,16,16224,48,96,192961.23,1732080.15,1445.19
sphincs-shake256-192s-simple,24,63,7,14,17,16,16224,48,96,193750.42,1731761.63,1386.17
sphincs-shake256-192s-simple,24,63,7,14,17,16,16224,48,96,192852.72,1730809.33,1386.62
sphincs-shake256-192s-simple,24,63,7,14,17,16,16224,48,96,192642.45,1730965.73,1396.46
sphincs-shake256-192s-simple,24,63,7,14,17,16,16224,48,96,193096.38,1731191.87,1389.93
sphincs-shake256-192s-simple,24,63,7,14,17,16,16224,48,96,193531.13,1732226.97,1385.05
sphincs-shake256-192s-simple,24,63,7,14,17,16,16224,48,96,194196.49,1735184.98,1419.01
sphincs-shake256-192s-simple,24,63,7,14,17,16,16224,48,96,193313.99,1734489.99,1391.51
sphincs-shake256-192s-simple,24,63,7,14,17,16,16224,48,96,194117.7,1735336.1,1413.96
sphincs-shake256-192s-simple,24,63,7,14,17,16,16224,48,96,192805.51,1729775.98,1387.2
sphincs-shake256-192s-simple,24,63,7,14,17,16,16224,48,96,193409.64,1731010.44,1403.25
sphincs-shake256-192s-simple,24,63,7,14,17,16,16224,48,96,193338.88,1731244.15,1383.86
sphincs-shake256-192s-simple,24,63,7,14,17,16,16224,48,96,192800.83,1729456.48,1391.86
sphincs-shake256-192s-simple,24,63,7,14,17,16,16224,48,96,192706.33,1736080.19,1396.28
sphincs-shake256-192s-simple,24,63,7,14,17,16,16224,48,96,192719.7,1729856.32,1388.8
sphincs-shake256-192s-simple,24,63,7,14,17,16,16224,48,96,194708.62,1734875.25,1388.02
sphincs-shake256-192s-simple,24,63,7,14,17,16,16224,48,96,192349.38,1730294.86,1384.16
sphincs-shake256-192s-simple,24,63,7,14,17,16,16224,48,96,193241.9,1729585.03,1436.85
sphincs-shake256-192s-simple,24,63,7,14,17,16,16224,48,96,193168.62,1732592.08,1387.9
sphincs-shake256-192s-simple,24,63,7,14,17,16,16224,48,96,196233.29,1758570.52,1397.34
sphincs-shake256-192s-simple,24,63,7,14,17,16,16224,48,96,193504.43,1735048.55,1490.88
sphincs-shake256-192s-simple,24,63,7,14,17,16,16224,48,96,193440.24,1738745.65,1461.79
sphincs-shake256-192s-simple,24,63,7,14,17,16,16224,48,96,193242.62,1747743.82,1394.19
sphincs-shake256-192s-simple,24,63,7,14,17,16,16224,48,96,193090.95,1734272.29,1385.25
sphincs-shake256-192s-simple,24,63,7,14,17,16,16224,48,96,193750.08,1728506.86,1407.11
sphincs-shake256-192s-simple,24,63,7,14,17,16,16224,48,96,193174.61,1731229.34,1389.78
sphincs-shake256-192s-simple,24,63,7,14,17,16,16224,48,96,192916.28,1731854.8,1398.61
sphincs-shake256-192f-simple,24,66,22,8,33,16,35664,48,96,3302.08,82781.97,4170.97
sphincs-shake256-192f-simple,24,66,22,8,33,16,35664,48,96,3288.78,82851.15,4170.07
sphincs-shake256-192f-simple,24,66,22,8,33,16,35664,48,96,3336.89,82935.3,4142.26
sphincs-shake256-192f-simple,24,66,22,8,33,16,35664,48,96,3280.71,82554.89,4145.46
sphincs-shake256-192f-simple,24,66,22,8,33,16,35664,48,96,3288.77,82445.15,4225.75
sphincs-shake256-192f-simple,24,66,22,8,33,16,35664,48,96,3310.09,82966.48,4152.89
sphincs-shake256-192f-simple,24,66,22,8,33,16,35664,48,96,3279.51,82665.76,4141.9
sphincs-shake256-192f-simple,24,66,22,8,33,16,35664,48,96,3271.5,83229.43,4164.71
sphincs-shake256-192f-simple,24,66,22,8,33,16,35664,48,96,3276.47,83222.88,4186.9
sphincs-shake256-192f-simple,24,66,22,8,33,16,35664,48,96,3300.38,82352.03,4186.38
sphincs-shake256-192f-simple,24,66,22,8,33,16,35664,48,96,3306.56,82968.86,4201.01
sphincs-shake256-192f-simple,24,66,22,8,33,16,35664,48,96,3284.7,83406.41,4335.48
sphincs-shake256-192f-simple,24,66,22,8,33,16,35664,48,96,3295.59,82405.1,4173.95
sphincs-shake256-192f-simple,24,66,22,8,33,16,35664,48,96,3284.62,83058.15,4151.66
sphincs-shake256-192f-simple,24,66,22,8,33,16,35664,48,96,3444.64,83706.64,4238.2
sphincs-shake256-192f-simple,24,66,22,8,33,16,35664,48,96,3255.63,82811.55,4221.56
sphincs-shake256-192f-simple,24,66,22,8,33,16,35664,48,96,3319.59,84105.38,4147.3
sphincs-shake256-192f-simple,24,66,22,8,33,16,35664,48,96,3298.96,82655.82,4151.65
sphincs-shake256-192f-simple,24,66,22,8,33,16,35664,48,96,3258.23,83023.78,4216.03
sphincs-shake256-192f-simple,24,66,22,8,33,16,35664,48,96,3297.05,82949.22,4259.37
sphincs-shake256-192f-simple,24,66,22,8,33,16,35664,48,96,3279.07,82824.18,4213.18
sphincs-shake256-192f-simple,24,66,22,8,33,16,35664,48,96,3365.19,83146.1,4158.51
sphincs-shake256-192f-simple,24,66,22,8,33,16,35664,48,96,3250.9,82197.8,4255.19
sphincs-shake256-192f-simple,24,66,22,8,33,16,35664,48,96,3260.89,82541.2,4134.16
sphincs-shake256-192f-simple,24,66,22,8,33,16,35664,48,96,3275.37,82537.59,4126.56
sphincs-shake256-192f-simple,24,66,22,8,33,16,35664,48,96,3278.68,82326.67,4168.57
sphincs-shake256-192f-simple,24,66,22,8,33,16,35664,48,96,3264.71,82783.05,4268.92
sphincs-shake256-192f-simple,24,66,22,8,33,16,35664,48,96,3300.58,82505.77,4183.84
sphincs-shake256-192f-simple,24,66,22,8,33,16,35664,48,96,3264.19,82690.87,4157.22
sphincs-shake256-192f-simple,24,66,22,8,33,16,35664,48,96,3296.52,82860.48,4152.25
sphincs-shake256-256s-simple,32,64,8,14,22,16,29792,64,128,131693.56,1572412.95,2192.66
sphincs-shake256-256s-simple,32,64,8,14,22,16,29792,64,128,139423.44,1666659.19,2349.3
sphincs-shake256-256s-simple,32,64,8,14,22,16,29792,64,128,142694.64,1688139.12,2350.84
sphincs-shake256-256s-simple,32,64,8,14,22,16,29792,64,128,142783.65,1695028.94,2340.52
sphincs-shake256-256s-simple,32,64,8,14,22,16,29792,64,128,142341.7,1584156.53,2308.5
sphincs-shake256-256s-simple,32,64,8,14,22,16,29792,64,128,133351.8,1593380.12,2141.23
sphincs-shake256-256s-simple,32,64,8,14,22,16,29792,64,128,131224.59,1548682.43,2124.26
sphincs-shake256-256s-simple,32,64,8,14,22,16,29792,64,128,132394.86,1549811.16,2137.34
sphincs-shake256-256s-simple,32,64,8,14,22,16,29792,64,128,131177.68,1551911.06,2190.59
sphincs-shake256-256s-simple,32,64,8,14,22,16,29792,64,128,131047.56,1550066.49,2158.06
sphincs-shake256-256s-simple,32,64,8,14,22,16,29792,64,128,131727.27,1549071.37,2196.53
sphincs-shake256-256s-simple,32,64,8,14,22,16,29792,64,128,131138.01,1548713.82,2246.8
sphincs-shake256-256s-simple,32,64,8,14,22,16,29792,64,128,132351.18,1549332.78,2157.47
sphincs-shake256-256s-simple,32,64,8,14,22,16,29792,64,128,131997.36,1548791.22,2145.24
sphincs-shake256-256s-simple,32,64,8,14,22,16,29792,64,128,131553.2,1549012.76,2153.85
sphincs-shake256-256s-simple,32,64,8,14,22,16,29792,64,128,131789.67,1552899.66,2131.25
sphincs-shake256-256s-simple,32,64,8,14,22,16,29792,64,128,130963.04,1545010.21,2157.9
sphincs-shake256-256s-simple,32,64,8,14,22,16,29792,64,128,130895.82,1549813.5,2149.85
sphincs-shake256-256s-simple,32,64,8,14,22,16,29792,64,128,132722.35,1557191.34,2178.57
sphincs-shake256-256s-simple,32,64,8,14,22,16,29792,64,128,131226.77,1546609.12,2141.14
sphincs-shake256-256s-simple,32,64,8,14,22,16,29792,64,128,130706.72,1557101.81,2146.89
sphincs-shake256-256s-simple,32,64,8,14,22,16,29792,64,128,131622.65,1549730.75,2146.02
sphincs-shake256-256s-simple,32,64,8,14,22,16,29792,64,128,131436.65,1547412.7,2234.4
sphincs-shake256-256s-simple,32,64,8,14,22,16,29792,64,128,131746.72,1548637.78,2141.51
sphincs-shake256-256s-simple,32,64,8,14,22,16,29792,64,128,131877.0,1548291.66,2140.18
sphincs-shake256-256s-simple,32,64,8,14,22,16,29792,64,128,131845.66,1557868.84,2134.92
sphincs-shake256-256s-simple,32,64,8,14,22,16,29792,64,128,131250.67,1550175.21,2198.66
sphincs-shake256-256s-simple,32,64,8,14,22,16,29792,64,128,131728.76,1550987.06,2143.43
sphincs-shake256-256s-simple,32,64,8,14,22,16,29792,64,128,132322.04,1549348.5,2174.24
sphincs-shake256-256s-simple,32,64,8,14,22,16,29792,64,128,131577.02,1554603.23,2135.38
sphincs-shake256-256f-simple,32,68,17,9,35,16,49856,64,128,8968.17,167629.97,4258.88
sphincs-shake256-256f-simple,32,68,17,9,35,16,49856,64,128,8985.13,168471.79,4280.21
sphincs-shake256-256f-simple,32,68,17,9,35,16,49856,64,128,9020.51,167513.92,4290.06
sphincs-shake256-256f-simple,32,68,17,9,35,16,49856,64,128,8885.17,168297.99,4212.67
sphincs-shake256-256f-simple,32,68,17,9,35,16,49856,64,128,9163.45,167955.56,4313.3
sphincs-shake256-256f-simple,32,68,17,9,35,16,49856,64,128,8830.46,167301.51,4229.72
sphincs-shake256-256f-simple,32,68,17,9,35,16,49856,64,128,9224.16,167162.21,4253.28
sphincs-shake256-256f-simple,32,68,17,9,35,16,49856,64,128,8995.92,168134.71,4211.34
sphincs-shake256-256f-simple,32,68,17,9,35,16,49856,64,128,8833.37,169006.81,4215.79
sphincs-shake256-256f-simple,32,68,17,9,35,16,49856,64,128,8910.66,167901.82,4223.74
sphincs-shake256-256f-simple,32,68,17,9,35,16,49856,64,128,8952.54,170606.52,4221.78
sphincs-shake256-256f-simple,32,68,17,9,35,16,49856,64,128,8883.91,167826.13,4243.71
sphincs-shake256-256f-simple,32,68,17,9,35,16,49856,64,128,11075.11,168159.06,4238.22
sphincs-shake256-256f-simple,32,68,17,9,35,16,49856,64,128,9112.65,168068.81,4877.33
sphincs-shake256-256f-simple,32,68,17,9,35,16,49856,64,128,8983.33,167783.52,4273.39
sphincs-shake256-256f-simple,32,68,17,9,35,16,49856,64,128,8896.99,167858.09,4293.14
sphincs-shake256-256f-simple,32,68,17,9,35,16,49856,64,128,8745.87,168821.37,4239.85
sphincs-shake256-256f-simple,32,68,17,9,35,16,49856,64,128,8968.98,167887.85,4356.63
sphincs-shake256-256f-simple,32,68,17,9,35,16,49856,64,128,8899.34,168896.96,4217.14
sphincs-shake256-256f-simple,32,68,17,9,35,16,49856,64,128,9003.04,167386.23,4240.46
sphincs-shake256-256f-simple,32,68,17,9,35,16,49856,64,128,8989.74,167471.0,4227.98
sphincs-shake256-256f-simple,32,68,17,9,35,16,49856,64,128,8889.74,168079.19,4217.29
sphincs-shake256-256f-simple,32,68,17,9,35,16,49856,64,128,9052.06,149071.96,2023.12
sphincs-shake256-256f-simple,32,68,17,9,35,16,49856,64,128,3998.98,79787.32,2512.56
sphincs-shake256-256f-simple,32,68,17,9,35,16,49856,64,128,3969.19,80831.91,2025.68
sphincs-shake256-256f-simple,32,68,17,9,35,16,49856,64,128,3994.57,79386.56,2035.17
sphincs-shake256-256f-simple,32,68,17,9,35,16,49856,64,128,4022.59,80678.08,2017.99
sphincs-shake256-256f-simple,32,68,17,9,35,16,49856,64,128,3989.48,79295.04,2012.2
sphincs-shake256-256f-simple,32,68,17,9,35,16,49856,64,128,3975.89,79562.4,2012.87
sphincs-shake256-256f-simple,32,68,17,9,35,16,49856,64,128,3975.27,79234.91,2010.37
